{"EMPNO":7369,"ENAME":"SMITH","JOB":"CLERK","MGR":7902,"HIREDATE":"2001-01-02T22:12:13.000+08:00","SAL":800,"DEPTNO":20}
{"EMPNO":7499,"ENAME":"ALLEN","JOB":"SALESMAN","MGR":7698,"HIREDATE":"2002-01-02T22:12:13.000+08:00","SAL":1600,"COMM":300,"DEPTNO":30}
{"EMPNO":7521,"ENAME":"WARD","JOB":"SALESMAN","MGR":7698,"HIREDATE":"2003-01-02T22:12:13.000+08:00","SAL":1250,"COMM":500,"DEPTNO":30}
{"EMPNO":7566,"ENAME":"JONES","JOB":"MANAGER","MGR":7839,"HIREDATE":"2004-01-02T22:12:13.000+08:00","SAL":2975,"DEPTNO":20}
{"EMPNO":7654,"ENAME":"MARTIN","JOB":"SALESMAN","MGR":7698,"HIREDATE":"2005-01-02T22:12:13.000+08:00","SAL":1250,"COMM":1400,"DEPTNO":30}
{"EMPNO":7698,"ENAME":"BLAKE","JOB":"MANAGER","MGR":7839,"HIREDATE":"2005-04-02T22:12:13.000+08:00","SAL":2850,"DEPTNO":30}
{"EMPNO":7782,"ENAME":"CLARK","JOB":"MANAGER","MGR":7839,"HIREDATE":"2006-03-02T22:12:13.000+08:00","SAL":2450,"DEPTNO":10}
{"EMPNO":7788,"ENAME":"SCOTT","JOB":"ANALYST","MGR":7566,"HIREDATE":"2007-03-02T22:12:13.000+08:00","SAL":3000,"DEPTNO":20}
{"EMPNO":7839,"ENAME":"KING","JOB":"PRESIDENT","HIREDATE":"2006-03-02T22:12:13.000+08:00","SAL":5000,"DEPTNO":10}
{"EMPNO":7844,"ENAME":"TURNER","JOB":"SALESMAN","MGR":7698,"HIREDATE":"2009-07-02T22:12:13.000+08:00","SAL":1500,"COMM":0,"DEPTNO":30}
{"EMPNO":7876,"ENAME":"ADAMS","JOB":"CLERK","MGR":7788,"HIREDATE":"2010-05-02T22:12:13.000+08:00","SAL":1100,"DEPTNO":20}
{"EMPNO":7900,"ENAME":"JAMES","JOB":"CLERK","MGR":7698,"HIREDATE":"2011-06-02T22:12:13.000+08:00","SAL":950,"DEPTNO":30}
{"EMPNO":7902,"ENAME":"FORD","JOB":"ANALYST","MGR":7566,"HIREDATE":"2011-07-02T22:12:13.000+08:00","SAL":3000,"DEPTNO":20}
{"EMPNO":7934,"ENAME":"MILLER","JOB":"CLERK","MGR":7782,"HIREDATE":"2012-11-02T22:12:13.000+08:00","SAL":1300,"DEPTNO":10}