<?xml version="1.0" encoding="UTF-8"?>
<?xml-stylesheet type="text/xsl" href="configuration.xsl"?>

<configuration>

    <!-- 指定HDFS中NameNode的地址 -->
    <property>
        <name>fs.defaultFS</name>
        <value>hdfs://192.168.11.51:9000</value>
    </property>
    <!-- 指定Hadoop运行时产生文件的存储目录 -->
    <property>
        <name>hadoop.tmp.dir</name>
        <value>/home/vagrant/HADOOP/hadoop-2.9.2/data/tmp</value>
    </property>

    <property>
        <name>hadoop.proxyuser.vagrant.hosts</name>
        <value>*</value>
    </property>
    <property>
        <name>hadoop.proxyuser.vagrant.groups</name>
        <value>*</value>
    </property>

    <property>
        <name>hadoop.proxyuser.hdfs.hosts</name>
        <value>*</value>
    </property>
    <property>
        <name>hadoop.proxyuser.hdfs.groups</name>
        <value>*</value>
    </property>

</configuration>
